Description,Transaction Date,Transaction Time,Tax Type,Transaction Type,Refund Type,Product Title,Package ID,Product Type,Sku Id,Hardware,Buyer Country,Buyer State,Buyer Postal Code,Buyer Currency,Amount (Buyer Currency),Currency Conversion Rate,Merchant Currency,Amount (Merchant Currency),Base Plan or Purchase Option ID,Offer ID,Group ID,First USD 1M Eligible,Service Fee %,Fee Description,Promotion ID,Sales Channel
GPA.3382-4953-8258-81452,"Jul 1, 2026",8:53:01 PM PDT,,Charge,,Chaos Magick Sigil Forge !,com.app.goetiansealsgeneratorapp,Paid app,,husky,US,OR,97206,USD,3.99,1.000000,USD,3.99,,,4993951633197654550,Yes,,,,Play store
GPA.3382-4953-8258-81452,"Jul 1, 2026",8:53:01 PM PDT,,Google fee,,Chaos Magick Sigil Forge !,com.app.goetiansealsgeneratorapp,Paid app,,husky,US,OR,97206,USD,-0.60,1.000000,USD,-0.60,,,4993951633197654550,Yes,15,,,Play store
GPA.3382-4953-8258-81452,"Jul 1, 2026",8:53:01 PM PDT,Colombia VAT,Tax,,Chaos Magick Sigil Forge !,com.app.goetiansealsgeneratorapp,Paid app,,husky,US,OR,97206,USD,-0.11,1.000000,USD,-0.11,,,4993951633197654550,Yes,,,,Play store
GPA.3396-5882-6328-93317,"Jul 2, 2026",9:21:08 AM PDT,,Charge,,PSI GYM: Train Your Intuition,com.cha0smagicklabs.zenercards,Paid app,,pa2q,PE,MUNICIPALIDAD METROPOLITANA DE LIMA,15301,PEN,9.99,0.293580,USD,2.93,,,4993951633197654550,Yes,,,,Play store
GPA.3396-5882-6328-93317,"Jul 2, 2026",9:21:08 AM PDT,,Google fee,,PSI GYM: Train Your Intuition,com.cha0smagicklabs.zenercards,Paid app,,pa2q,PE,MUNICIPALIDAD METROPOLITANA DE LIMA,15301,PEN,-1.50,0.293580,USD,-0.44,,,4993951633197654550,Yes,15,,,Play store
GPA.3396-5882-6328-93317,"Jul 2, 2026",9:21:08 AM PDT,Colombia VAT,Tax,,PSI GYM: Train Your Intuition,com.cha0smagicklabs.zenercards,Paid app,,pa2q,PE,MUNICIPALIDAD METROPOLITANA DE LIMA,15301,PEN,-0.31,0.293580,USD,-0.09,,,4993951633197654550,Yes,,,,Play store
GPA.3366-4963-2192-46476,"Jul 4, 2026",1:20:33 PM PDT,,Charge,,Norse Rune Reader Divination,com.japps.norse_oracle,Paid app,,dm1q,US,MI,48161,USD,3.99,1.000000,USD,3.99,,,4993951633197654550,Yes,,,,Play store
GPA.3366-4963-2192-46476,"Jul 4, 2026",1:20:33 PM PDT,,Google fee,,Norse Rune Reader Divination,com.japps.norse_oracle,Paid app,,dm1q,US,MI,48161,USD,-0.60,1.000000,USD,-0.60,,,4993951633197654550,Yes,15,,,Play store
GPA.3366-4963-2192-46476,"Jul 4, 2026",1:20:33 PM PDT,Colombia VAT,Tax,,Norse Rune Reader Divination,com.japps.norse_oracle,Paid app,,dm1q,US,MI,48161,USD,-0.11,1.000000,USD,-0.11,,,4993951633197654550,Yes,,,,Play store
GPA.3316-8055-6262-01360,"Jul 5, 2026",8:53:57 PM PDT,,Charge,,Chaos Magick Sigil Forge !,com.app.goetiansealsgeneratorapp,Paid app,,e3q,US,MN,55750,USD,3.99,1.000000,USD,3.99,,,4993951633197654550,Yes,,,,Play store
GPA.3316-8055-6262-01360,"Jul 5, 2026",8:53:57 PM PDT,,Google fee,,Chaos Magick Sigil Forge !,com.app.goetiansealsgeneratorapp,Paid app,,e3q,US,MN,55750,USD,-0.60,1.000000,USD,-0.60,,,4993951633197654550,Yes,15,,,Play store
GPA.3316-8055-6262-01360,"Jul 5, 2026",8:53:57 PM PDT,Colombia VAT,Tax,,Chaos Magick Sigil Forge !,com.app.goetiansealsgeneratorapp,Paid app,,e3q,US,MN,55750,USD,-0.12,1.000000,USD,-0.12,,,4993951633197654550,Yes,,,,Play store
GPA.3370-3404-4476-70751,"Jul 9, 2026",3:55:28 PM PDT,,Charge,,Chaos Magick Sigil Forge !,com.app.goetiansealsgeneratorapp,Paid app,,pa3q,US,TX,79718,USD,3.99,1.000000,USD,3.99,,,4993951633197654550,Yes,,,,Play store
GPA.3370-3404-4476-70751,"Jul 9, 2026",3:55:28 PM PDT,,Google fee,,Chaos Magick Sigil Forge !,com.app.goetiansealsgeneratorapp,Paid app,,pa3q,US,TX,79718,USD,-0.60,1.000000,USD,-0.60,,,4993951633197654550,Yes,15,,,Play store
GPA.3370-3404-4476-70751,"Jul 9, 2026",3:55:28 PM PDT,Colombia VAT,Tax,,Chaos Magick Sigil Forge !,com.app.goetiansealsgeneratorapp,Paid app,,pa3q,US,TX,79718,USD,-0.11,1.000000,USD,-0.11,,,4993951633197654550,Yes,,,,Play store
GPA.3319-3094-8381-08127,"Jul 13, 2026",5:23:17 PM PDT,,Charge,,Arcana Goetia: Ritual & Sigils,com.cha0smagick.sigilgeneratorfinal,Paid app,,a13x,US,NC,27360,USD,3.99,1.000000,USD,3.99,,,4993951633197654550,Yes,,,,Play store
GPA.3319-3094-8381-08127,"Jul 13, 2026",5:23:17 PM PDT,,Google fee,,Arcana Goetia: Ritual & Sigils,com.cha0smagick.sigilgeneratorfinal,Paid app,,a13x,US,NC,27360,USD,-0.60,1.000000,USD,-0.60,,,4993951633197654550,Yes,15,,,Play store
GPA.3319-3094-8381-08127,"Jul 13, 2026",5:23:17 PM PDT,Colombia VAT,Tax,,Arcana Goetia: Ritual & Sigils,com.cha0smagick.sigilgeneratorfinal,Paid app,,a13x,US,NC,27360,USD,-0.11,1.000000,USD,-0.11,,,4993951633197654550,Yes,,,,Play store
GPA.3362-4062-2157-87113,"Jul 16, 2026",5:30:01 AM PDT,,Charge,,Arcana Goetia: Ritual & Sigils,com.cha0smagick.sigilgeneratorfinal,Paid app,,OP516EL1,US,TX,75204,USD,3.99,1.000000,USD,3.99,,,4993951633197654550,Yes,,,,Play store
GPA.3362-4062-2157-87113,"Jul 16, 2026",5:30:01 AM PDT,,Google fee,,Arcana Goetia: Ritual & Sigils,com.cha0smagick.sigilgeneratorfinal,Paid app,,OP516EL1,US,TX,75204,USD,-0.60,1.000000,USD,-0.60,,,4993951633197654550,Yes,15,,,Play store
GPA.3362-4062-2157-87113,"Jul 16, 2026",5:30:01 AM PDT,Colombia VAT,Tax,,Arcana Goetia: Ritual & Sigils,com.cha0smagick.sigilgeneratorfinal,Paid app,,OP516EL1,US,TX,75204,USD,-0.12,1.000000,USD,-0.12,,,4993951633197654550,Yes,,,,Play store
GPA.3331-2350-0932-47679,"Jul 17, 2026",1:19:49 PM PDT,,Charge,,Arcana Goetia: Ritual & Sigils,com.cha0smagick.sigilgeneratorfinal,Paid app,,vegas,US,TX,78228,USD,3.99,1.000000,USD,3.99,,,4993951633197654550,Yes,,,,Play store
GPA.3331-2350-0932-47679,"Jul 17, 2026",1:19:49 PM PDT,,Google fee,,Arcana Goetia: Ritual & Sigils,com.cha0smagick.sigilgeneratorfinal,Paid app,,vegas,US,TX,78228,USD,-0.60,1.000000,USD,-0.60,,,4993951633197654550,Yes,15,,,Play store
GPA.3331-2350-0932-47679,"Jul 17, 2026",1:19:49 PM PDT,Colombia VAT,Tax,,Arcana Goetia: Ritual & Sigils,com.cha0smagick.sigilgeneratorfinal,Paid app,,vegas,US,TX,78228,USD,-0.11,1.000000,USD,-0.11,,,4993951633197654550,Yes,,,,Play store
GPA.3386-8337-0746-14207,"Jul 18, 2026",8:58:09 PM PDT,,Charge,,Tarot Rider-Waite Complete,com.cha0smagick.unofficialraiderwaite,Paid app,,tegu,US,AZ,85122,USD,9.99,1.000000,USD,9.99,,,4993951633197654550,Yes,,,,Play store
GPA.3386-8337-0746-14207,"Jul 18, 2026",8:58:09 PM PDT,,Google fee,,Tarot Rider-Waite Complete,com.cha0smagick.unofficialraiderwaite,Paid app,,tegu,US,AZ,85122,USD,-1.50,1.000000,USD,-1.50,,,4993951633197654550,Yes,15,,,Play store
GPA.3386-8337-0746-14207,"Jul 18, 2026",8:58:09 PM PDT,Colombia VAT,Tax,,Tarot Rider-Waite Complete,com.cha0smagick.unofficialraiderwaite,Paid app,,tegu,US,AZ,85122,USD,-0.29,1.000000,USD,-0.29,,,4993951633197654550,Yes,,,,Play store
GPA.3324-9989-5523-16966,"Jul 18, 2026",8:59:26 PM PDT,,Charge,,Dreamachine: Lucid Dreaming,com.cha0smagick.dreammachine,Paid app,,tegu,US,AZ,85122,USD,3.99,1.000000,USD,3.99,,,4993951633197654550,Yes,,,,Play store
GPA.3324-9989-5523-16966,"Jul 18, 2026",8:59:26 PM PDT,,Google fee,,Dreamachine: Lucid Dreaming,com.cha0smagick.dreammachine,Paid app,,tegu,US,AZ,85122,USD,-0.60,1.000000,USD,-0.60,,,4993951633197654550,Yes,15,,,Play store
GPA.3324-9989-5523-16966,"Jul 18, 2026",8:59:26 PM PDT,Colombia VAT,Tax,,Dreamachine: Lucid Dreaming,com.cha0smagick.dreammachine,Paid app,,tegu,US,AZ,85122,USD,-0.11,1.000000,USD,-0.11,,,4993951633197654550,Yes,,,,Play store
GPA.3326-7513-6897-97293,"Jul 18, 2026",9:00:18 PM PDT,,Charge,,PSI GYM: Train Your Intuition,com.cha0smagicklabs.zenercards,Paid app,,tegu,US,AZ,85122,USD,2.99,1.000000,USD,2.99,,,4993951633197654550,Yes,,,,Play store
GPA.3326-7513-6897-97293,"Jul 18, 2026",9:00:18 PM PDT,,Google fee,,PSI GYM: Train Your Intuition,com.cha0smagicklabs.zenercards,Paid app,,tegu,US,AZ,85122,USD,-0.45,1.000000,USD,-0.45,,,4993951633197654550,Yes,15,,,Play store
GPA.3326-7513-6897-97293,"Jul 18, 2026",9:00:18 PM PDT,Colombia VAT,Tax,,PSI GYM: Train Your Intuition,com.cha0smagicklabs.zenercards,Paid app,,tegu,US,AZ,85122,USD,-0.09,1.000000,USD,-0.09,,,4993951633197654550,Yes,,,,Play store
GPA.3360-5137-6436-71848,"Jul 18, 2026",9:00:33 PM PDT,,Charge,,Astral Lab: Natal Chart,com.cha0smagicklabs.astralchart,Paid app,,tegu,US,AZ,85122,USD,6.99,1.000000,USD,6.99,,,4993951633197654550,Yes,,,,Play store
GPA.3360-5137-6436-71848,"Jul 18, 2026",9:00:33 PM PDT,,Google fee,,Astral Lab: Natal Chart,com.cha0smagicklabs.astralchart,Paid app,,tegu,US,AZ,85122,USD,-1.05,1.000000,USD,-1.05,,,4993951633197654550,Yes,15,,,Play store
GPA.3360-5137-6436-71848,"Jul 18, 2026",9:00:33 PM PDT,Colombia VAT,Tax,,Astral Lab: Natal Chart,com.cha0smagicklabs.astralchart,Paid app,,tegu,US,AZ,85122,USD,-0.20,1.000000,USD,-0.20,,,4993951633197654550,Yes,,,,Play store
GPA.3320-3202-1150-60600,"Jul 18, 2026",9:00:44 PM PDT,,Charge,,Arcana Goetia: Ritual & Sigils,com.cha0smagick.sigilgeneratorfinal,Paid app,,tegu,US,AZ,85122,USD,3.99,1.000000,USD,3.99,,,4993951633197654550,Yes,,,,Play store
GPA.3320-3202-1150-60600,"Jul 18, 2026",9:00:44 PM PDT,,Google fee,,Arcana Goetia: Ritual & Sigils,com.cha0smagick.sigilgeneratorfinal,Paid app,,tegu,US,AZ,85122,USD,-0.60,1.000000,USD,-0.60,,,4993951633197654550,Yes,15,,,Play store
GPA.3320-3202-1150-60600,"Jul 18, 2026",9:00:44 PM PDT,Colombia VAT,Tax,,Arcana Goetia: Ritual & Sigils,com.cha0smagick.sigilgeneratorfinal,Paid app,,tegu,US,AZ,85122,USD,-0.11,1.000000,USD,-0.11,,,4993951633197654550,Yes,,,,Play store
GPA.3379-8914-8155-79623,"Jul 19, 2026",7:13:29 AM PDT,,Charge,,Chaos Magick Sigil Forge !,com.app.goetiansealsgeneratorapp,Paid app,,tegu,AU,,2122,AUD,5.90,0.698350,USD,4.12,,,4993951633197654550,Yes,,,,Play store
GPA.3379-8914-8155-79623,"Jul 19, 2026",7:13:29 AM PDT,,Google fee,,Chaos Magick Sigil Forge !,com.app.goetiansealsgeneratorapp,Paid app,,tegu,AU,,2122,AUD,-0.88,0.698350,USD,-0.61,,,4993951633197654550,Yes,15,,,Play store
GPA.3379-8914-8155-79623,"Jul 19, 2026",7:13:29 AM PDT,Colombia VAT,Tax,,Chaos Magick Sigil Forge !,com.app.goetiansealsgeneratorapp,Paid app,,tegu,AU,,2122,AUD,-0.17,0.698350,USD,-0.12,,,4993951633197654550,Yes,,,,Play store
GPA.3342-6150-8879-42119,"Jul 21, 2026",2:46:19 PM PDT,,Charge,,Chaos Magick Sigil Forge !,com.app.goetiansealsgeneratorapp,Paid app,,REVVLTAB5G,US,AZ,85007,USD,3.99,1.000000,USD,3.99,,,4993951633197654550,Yes,,,,Play store
GPA.3342-6150-8879-42119,"Jul 21, 2026",2:46:19 PM PDT,,Google fee,,Chaos Magick Sigil Forge !,com.app.goetiansealsgeneratorapp,Paid app,,REVVLTAB5G,US,AZ,85007,USD,-0.60,1.000000,USD,-0.60,,,4993951633197654550,Yes,15,,,Play store
GPA.3342-6150-8879-42119,"Jul 21, 2026",2:46:19 PM PDT,Colombia VAT,Tax,,Chaos Magick Sigil Forge !,com.app.goetiansealsgeneratorapp,Paid app,,REVVLTAB5G,US,AZ,85007,USD,-0.11,1.000000,USD,-0.11,,,4993951633197654550,Yes,,,,Play store
GPA.3304-0928-6441-05966,"Jul 21, 2026",10:38:40 PM PDT,,Charge,,Arcana Goetia: Ritual & Sigils,com.cha0smagick.sigilgeneratorfinal,Paid app,,mustang,US,CA,92025,USD,3.99,1.000000,USD,3.99,,,4993951633197654550,Yes,,,,Play store
GPA.3304-0928-6441-05966,"Jul 21, 2026",10:38:40 PM PDT,,Google fee,,Arcana Goetia: Ritual & Sigils,com.cha0smagick.sigilgeneratorfinal,Paid app,,mustang,US,CA,92025,USD,-0.60,1.000000,USD,-0.60,,,4993951633197654550,Yes,15,,,Play store
GPA.3304-0928-6441-05966,"Jul 21, 2026",10:38:40 PM PDT,Colombia VAT,Tax,,Arcana Goetia: Ritual & Sigils,com.cha0smagick.sigilgeneratorfinal,Paid app,,mustang,US,CA,92025,USD,-0.12,1.000000,USD,-0.12,,,4993951633197654550,Yes,,,,Play store
GPA.3330-9104-7236-33176,"Jul 23, 2026",2:06:11 PM PDT,,Charge,,Astral Lab: Natal Chart,com.cha0smagicklabs.astralchart,Paid app,,dm2q,US,FL,33916,USD,6.99,1.000000,USD,6.99,,,4993951633197654550,Yes,,,,Play store
GPA.3330-9104-7236-33176,"Jul 23, 2026",2:06:11 PM PDT,,Google fee,,Astral Lab: Natal Chart,com.cha0smagicklabs.astralchart,Paid app,,dm2q,US,FL,33916,USD,-1.05,1.000000,USD,-1.05,,,4993951633197654550,Yes,15,,,Play store
GPA.3330-9104-7236-33176,"Jul 23, 2026",2:06:11 PM PDT,Colombia VAT,Tax,,Astral Lab: Natal Chart,com.cha0smagicklabs.astralchart,Paid app,,dm2q,US,FL,33916,USD,-0.20,1.000000,USD,-0.20,,,4993951633197654550,Yes,,,,Play store
GPA.3318-9969-4077-59433,"Jul 23, 2026",2:06:45 PM PDT,,Charge,,Dreamachine: Lucid Dreaming,com.cha0smagick.dreammachine,Paid app,,dm2q,US,FL,33916,USD,3.99,1.000000,USD,3.99,,,4993951633197654550,Yes,,,,Play store
GPA.3318-9969-4077-59433,"Jul 23, 2026",2:06:45 PM PDT,,Google fee,,Dreamachine: Lucid Dreaming,com.cha0smagick.dreammachine,Paid app,,dm2q,US,FL,33916,USD,-0.60,1.000000,USD,-0.60,,,4993951633197654550,Yes,15,,,Play store
GPA.3318-9969-4077-59433,"Jul 23, 2026",2:06:45 PM PDT,Colombia VAT,Tax,,Dreamachine: Lucid Dreaming,com.cha0smagick.dreammachine,Paid app,,dm2q,US,FL,33916,USD,-0.11,1.000000,USD,-0.11,,,4993951633197654550,Yes,,,,Play store
GPA.3318-9679-0062-10833,"Jul 23, 2026",2:07:12 PM PDT,,Charge,,Moon Phases & Lunar Calendar,com.lunarapp.app,Paid app,,dm2q,US,FL,33916,USD,3.99,1.000000,USD,3.99,,,4993951633197654550,Yes,,,,Play store
GPA.3318-9679-0062-10833,"Jul 23, 2026",2:07:12 PM PDT,,Google fee,,Moon Phases & Lunar Calendar,com.lunarapp.app,Paid app,,dm2q,US,FL,33916,USD,-0.60,1.000000,USD,-0.60,,,4993951633197654550,Yes,15,,,Play store
GPA.3318-9679-0062-10833,"Jul 23, 2026",2:07:12 PM PDT,Colombia VAT,Tax,,Moon Phases & Lunar Calendar,com.lunarapp.app,Paid app,,dm2q,US,FL,33916,USD,-0.12,1.000000,USD,-0.12,,,4993951633197654550,Yes,,,,Play store
GPA.3377-5657-8369-81734,"Jul 23, 2026",2:07:54 PM PDT,,Charge,,Tarot Rider-Waite Complete,com.cha0smagick.unofficialraiderwaite,Paid app,,dm2q,US,FL,33916,USD,9.99,1.000000,USD,9.99,,,4993951633197654550,Yes,,,,Play store
GPA.3377-5657-8369-81734,"Jul 23, 2026",2:07:54 PM PDT,,Google fee,,Tarot Rider-Waite Complete,com.cha0smagick.unofficialraiderwaite,Paid app,,dm2q,US,FL,33916,USD,-1.50,1.000000,USD,-1.50,,,4993951633197654550,Yes,15,,,Play store
GPA.3377-5657-8369-81734,"Jul 23, 2026",2:07:54 PM PDT,Colombia VAT,Tax,,Tarot Rider-Waite Complete,com.cha0smagick.unofficialraiderwaite,Paid app,,dm2q,US,FL,33916,USD,-0.28,1.000000,USD,-0.28,,,4993951633197654550,Yes,,,,Play store
GPA.3360-3163-7178-48677,"Jul 26, 2026",8:25:49 PM PDT,,Charge,,Astral Lab: Natal Chart,com.cha0smagicklabs.astralchart,Paid app,,,US,AZ,85007,USD,6.99,1.000000,USD,6.99,,,4993951633197654550,Yes,,,,Play store
GPA.3360-3163-7178-48677,"Jul 26, 2026",8:25:49 PM PDT,,Google fee,,Astral Lab: Natal Chart,com.cha0smagicklabs.astralchart,Paid app,,,US,AZ,85007,USD,-1.05,1.000000,USD,-1.05,,,4993951633197654550,Yes,15,,,Play store
GPA.3360-3163-7178-48677,"Jul 26, 2026",8:25:49 PM PDT,Colombia VAT,Tax,,Astral Lab: Natal Chart,com.cha0smagicklabs.astralchart,Paid app,,,US,AZ,85007,USD,-0.20,1.000000,USD,-0.20,,,4993951633197654550,Yes,,,,Play store
GPA.3379-8746-6105-50913,"Jul 30, 2026",3:21:29 AM PDT,,Charge,,NOCTEM Tools: Ghost Hunting,com.cha0smagicklabs.noctemapp,Paid app,,tokay,JP,,479-0848,JPY,2436,0.006112,USD,14.89,,,4993951633197654550,Yes,,,,Play store
GPA.3379-8746-6105-50913,"Jul 30, 2026",3:21:29 AM PDT,,Google fee,,NOCTEM Tools: Ghost Hunting,com.cha0smagicklabs.noctemapp,Paid app,,tokay,JP,,479-0848,JPY,-365,0.006112,USD,-2.23,,,4993951633197654550,Yes,15,,,Play store
GPA.3379-8746-6105-50913,"Jul 30, 2026",3:21:29 AM PDT,Colombia VAT,Tax,,NOCTEM Tools: Ghost Hunting,com.cha0smagicklabs.noctemapp,Paid app,,tokay,JP,,479-0848,JPY,-69,0.006112,USD,-0.42,,,4993951633197654550,Yes,,,,Play store
GPA.3342-4677-1106-53000,"Jul 31, 2026",1:45:16 AM PDT,,Charge,,Chaos Magick Sigil Forge !,com.app.goetiansealsgeneratorapp,Paid app,,r0q,US,KY,40403,USD,3.99,1.000000,USD,3.99,,,4993951633197654550,Yes,,,,Play store
GPA.3342-4677-1106-53000,"Jul 31, 2026",1:45:16 AM PDT,,Google fee,,Chaos Magick Sigil Forge !,com.app.goetiansealsgeneratorapp,Paid app,,r0q,US,KY,40403,USD,-0.60,1.000000,USD,-0.60,,,4993951633197654550,Yes,15,,,Play store
GPA.3342-4677-1106-53000,"Jul 31, 2026",1:45:16 AM PDT,Colombia VAT,Tax,,Chaos Magick Sigil Forge !,com.app.goetiansealsgeneratorapp,Paid app,,r0q,US,KY,40403,USD,-0.11,1.000000,USD,-0.11,,,4993951633197654550,Yes,,,,Play store
GPA.3393-6909-8452-33401,"Jul 31, 2026",8:57:57 AM PDT,,Charge,,NOCTEM Tools: Ghost Hunting,com.cha0smagicklabs.noctemapp,Paid app,,a35x,GB,,FY8 5AR,GBP,11.24,1.340800,USD,15.07,,,4993951633197654550,Yes,,,,Play store
GPA.3393-6909-8452-33401,"Jul 31, 2026",8:57:57 AM PDT,,Google fee,,NOCTEM Tools: Ghost Hunting,com.cha0smagicklabs.noctemapp,Paid app,,a35x,GB,,FY8 5AR,GBP,-1.69,1.340800,USD,-2.27,,,4993951633197654550,Yes,15,,,Play store
GPA.3393-6909-8452-33401,"Jul 31, 2026",9:13:25 AM PDT,,Charge refund,Full,NOCTEM Tools: Ghost Hunting,com.cha0smagicklabs.noctemapp,Paid app,,a35x,GB,,FY8 5AR,GBP,-11.24,1.340800,USD,-15.07,,,4993951633197654550,Yes,,,,Play store
GPA.3393-6909-8452-33401,"Jul 31, 2026",9:13:25 AM PDT,,Google fee refund,Full,NOCTEM Tools: Ghost Hunting,com.cha0smagicklabs.noctemapp,Paid app,,a35x,GB,,FY8 5AR,GBP,1.69,1.340800,USD,2.27,,,4993951633197654550,Yes,15,,,Play store
GPA.3313-1379-4695-82160,"Jul 31, 2026",3:01:20 PM PDT,,Charge,,I Ching Oracle Divination,com.app.ichingoracle,Paid app,,ellis,US,PA,15235,USD,3.99,1.000000,USD,3.99,,,4993951633197654550,Yes,,,,Play store
GPA.3313-1379-4695-82160,"Jul 31, 2026",3:01:20 PM PDT,,Google fee,,I Ching Oracle Divination,com.app.ichingoracle,Paid app,,ellis,US,PA,15235,USD,-0.60,1.000000,USD,-0.60,,,4993951633197654550,Yes,15,,,Play store
GPA.3313-1379-4695-82160,"Jul 31, 2026",3:01:20 PM PDT,Colombia VAT,Tax,,I Ching Oracle Divination,com.app.ichingoracle,Paid app,,ellis,US,PA,15235,USD,-0.12,1.000000,USD,-0.12,,,4993951633197654550,Yes,,,,Play store
GPA.3364-8937-9571-82834,"Jul 31, 2026",9:41:58 PM PDT,,Charge,,Chaos Magick Sigil Forge !,com.app.goetiansealsgeneratorapp,Paid app,,e2q,US,MN,55112,USD,3.99,1.000000,USD,3.99,,,4993951633197654550,Yes,,,,Play store
GPA.3364-8937-9571-82834,"Jul 31, 2026",9:41:58 PM PDT,,Google fee,,Chaos Magick Sigil Forge !,com.app.goetiansealsgeneratorapp,Paid app,,e2q,US,MN,55112,USD,-0.60,1.000000,USD,-0.60,,,4993951633197654550,Yes,15,,,Play store
GPA.3364-8937-9571-82834,"Jul 31, 2026",9:41:58 PM PDT,Colombia VAT,Tax,,Chaos Magick Sigil Forge !,com.app.goetiansealsgeneratorapp,Paid app,,e2q,US,MN,55112,USD,-0.11,1.000000,USD,-0.11,,,4993951633197654550,Yes,,,,Play store
