Order Number,Order Charged Date,Order Charged Timestamp,Financial Status,Device Model,Product Title,Package ID,Product Type,SKU ID,Currency of Sale,Item Price,Taxes Collected,Charged Amount,City of Buyer,State of Buyer,Postal Code of Buyer,Country of Buyer,Base Plan or Purchase Option ID,Offer ID,Group ID,First USD 1M Eligible,Promotion ID,Coupon Value,Discount Rate,Featured Product ID,Price Experiment ID,Sales Channel
GPA.3382-4953-8258-81452,2026-07-02,1782964381,Charged,husky,Chaos Magick Sigil Forge !,com.app.goetiansealsgeneratorapp,Paid app,,USD,3.99,0.00,3.99,Portland,OR,97206,US,,,4993951633197654550,Yes,,,,,,Play store
GPA.3396-5882-6328-93317,2026-07-02,1783009268,Charged,pa2q,PSI GYM: Train Your Intuition,com.cha0smagicklabs.zenercards,Paid app,,PEN,9.99,0.00,9.99,Los Olivos,MUNICIPALIDAD METROPOLITANA DE LIMA,15301,PE,,,4993951633197654550,Yes,,,,,,Play store
GPA.3366-4963-2192-46476,2026-07-04,1783196433,Charged,dm1q,Norse Rune Reader Divination,com.japps.norse_oracle,Paid app,,USD,3.99,0.24,4.23,MONROE,MI,48161,US,,,4993951633197654550,Yes,,,,,,Play store
GPA.3316-8055-6262-01360,2026-07-06,1783310037,Charged,e3q,Chaos Magick Sigil Forge !,com.app.goetiansealsgeneratorapp,Paid app,,USD,3.99,0.29,4.28,HOYT LAKES,MN,55750,US,,,4993951633197654550,Yes,,,,,,Play store
GPA.3370-3404-4476-70751,2026-07-09,1783637728,Charged,pa3q,Chaos Magick Sigil Forge !,com.app.goetiansealsgeneratorapp,Paid app,,USD,3.99,0.33,4.32,BALMORHEA,TX,79718,US,,,4993951633197654550,Yes,,,,,,Play store
GPA.3319-3094-8381-08127,2026-07-14,1783988597,Charged,a13x,Arcana Goetia: Ritual & Sigils,com.cha0smagick.sigilgeneratorfinal,Paid app,,USD,3.99,0.28,4.27,Thomasville,NC,27360,US,,,4993951633197654550,Yes,,,,,,Play store
GPA.3362-4062-2157-87113,2026-07-16,1784205001,Charged,OP516EL1,Arcana Goetia: Ritual & Sigils,com.cha0smagick.sigilgeneratorfinal,Paid app,,USD,3.99,0.33,4.32,DALLAS,TX,75204,US,,,4993951633197654550,Yes,,,,,,Play store
GPA.3331-2350-0932-47679,2026-07-17,1784319589,Charged,vegas,Arcana Goetia: Ritual & Sigils,com.cha0smagick.sigilgeneratorfinal,Paid app,,USD,3.99,0.33,4.32,SAN ANTONIO,TX,78228,US,,,4993951633197654550,Yes,,,,,,Play store
GPA.3386-8337-0746-14207,2026-07-19,1784433489,Charged,tegu,Tarot Rider-Waite Complete,com.cha0smagick.unofficialraiderwaite,Paid app,,USD,9.99,0.87,10.86,CASA GRANDE,AZ,85122,US,,,4993951633197654550,Yes,,,,,,Play store
GPA.3324-9989-5523-16966,2026-07-19,1784433566,Charged,tegu,Dreamachine: Lucid Dreaming,com.cha0smagick.dreammachine,Paid app,,USD,3.99,0.34,4.33,CASA GRANDE,AZ,85122,US,,,4993951633197654550,Yes,,,,,,Play store
GPA.3326-7513-6897-97293,2026-07-19,1784433618,Charged,tegu,PSI GYM: Train Your Intuition,com.cha0smagicklabs.zenercards,Paid app,,USD,2.99,0.26,3.25,CASA GRANDE,AZ,85122,US,,,4993951633197654550,Yes,,,,,,Play store
GPA.3360-5137-6436-71848,2026-07-19,1784433633,Charged,tegu,Astral Lab: Natal Chart,com.cha0smagicklabs.astralchart,Paid app,,USD,6.99,0.61,7.60,CASA GRANDE,AZ,85122,US,,,4993951633197654550,Yes,,,,,,Play store
GPA.3320-3202-1150-60600,2026-07-19,1784433644,Charged,tegu,Arcana Goetia: Ritual & Sigils,com.cha0smagick.sigilgeneratorfinal,Paid app,,USD,3.99,0.34,4.33,CASA GRANDE,AZ,85122,US,,,4993951633197654550,Yes,,,,,,Play store
GPA.3379-8914-8155-79623,2026-07-19,1784470409,Charged,tegu,Chaos Magick Sigil Forge !,com.app.goetiansealsgeneratorapp,Paid app,,AUD,5.90,0.59,6.49,,,2122,AU,,,4993951633197654550,Yes,,,,,,Play store
GPA.3342-6150-8879-42119,2026-07-21,1784670379,Charged,REVVLTAB5G,Chaos Magick Sigil Forge !,com.app.goetiansealsgeneratorapp,Paid app,,USD,3.99,0.36,4.35,Phoenix,AZ,85007,US,,,4993951633197654550,Yes,,,,,,Play store
GPA.3304-0928-6441-05966,2026-07-22,1784698720,Charged,mustang,Arcana Goetia: Ritual & Sigils,com.cha0smagick.sigilgeneratorfinal,Paid app,,USD,3.99,0.00,3.99,Escondido,CA,92025,US,,,4993951633197654550,Yes,,,,,,Play store
GPA.3330-9104-7236-33176,2026-07-23,1784840771,Charged,dm2q,Astral Lab: Natal Chart,com.cha0smagicklabs.astralchart,Paid app,,USD,6.99,0.00,6.99,Fort Myers,FL,33916,US,,,4993951633197654550,Yes,,,,,,Play store
GPA.3318-9969-4077-59433,2026-07-23,1784840805,Charged,dm2q,Dreamachine: Lucid Dreaming,com.cha0smagick.dreammachine,Paid app,,USD,3.99,0.00,3.99,Fort Myers,FL,33916,US,,,4993951633197654550,Yes,,,,,,Play store
GPA.3318-9679-0062-10833,2026-07-23,1784840832,Charged,dm2q,Moon Phases & Lunar Calendar,com.lunarapp.app,Paid app,,USD,3.99,0.00,3.99,Fort Myers,FL,33916,US,,,4993951633197654550,Yes,,,,,,Play store
GPA.3377-5657-8369-81734,2026-07-23,1784840874,Charged,dm2q,Tarot Rider-Waite Complete,com.cha0smagick.unofficialraiderwaite,Paid app,,USD,9.99,0.00,9.99,Fort Myers,FL,33916,US,,,4993951633197654550,Yes,,,,,,Play store
GPA.3360-3163-7178-48677,2026-07-27,1785122749,Charged,,Astral Lab: Natal Chart,com.cha0smagicklabs.astralchart,Paid app,,USD,6.99,0.63,7.62,Phoenix,AZ,85007,US,,,4993951633197654550,Yes,,,,,,Play store
GPA.3379-8746-6105-50913,2026-07-30,1785406889,Charged,tokay,NOCTEM Tools: Ghost Hunting,com.cha0smagicklabs.noctemapp,Paid app,,JPY,"2,436.00",244.00,"2,680.00",,,479-0848,JP,,,4993951633197654550,Yes,,,,,,Play store
GPA.3342-4677-1106-53000,2026-07-31,1785487516,Charged,r0q,Chaos Magick Sigil Forge !,com.app.goetiansealsgeneratorapp,Paid app,,USD,3.99,0.24,4.23,Berea,KY,40403,US,,,4993951633197654550,Yes,,,,,,Play store
GPA.3393-6909-8452-33401,2026-07-31,1785513477,Charged,a35x,NOCTEM Tools: Ghost Hunting,com.cha0smagicklabs.noctemapp,Paid app,,GBP,11.24,2.25,13.49,,,,GB,,,4993951633197654550,Yes,,,,,,Play store
GPA.3393-6909-8452-33401,2026-07-31,1785514405,Refund,a35x,NOCTEM Tools: Ghost Hunting,com.cha0smagicklabs.noctemapp,Paid app,,GBP,11.24,-2.25,-13.49,,,,GB,,,4993951633197654550,Yes,,,,,,Play store
GPA.3313-1379-4695-82160,2026-07-31,1785535280,Charged,ellis,I Ching Oracle Divination,com.app.ichingoracle,Paid app,,USD,3.99,0.28,4.27,CHURCHILL,PA,15235,US,,,4993951633197654550,Yes,,,,,,Play store
